,Algorithm,n,time,max fs size,mean MSE
0,2-STAR-SHAP,500,0.21756839752197266,2,0
1,3-STAR-SHAP,500,0.44443202018737793,3,0
2,4-STAR-SHAP,500,0.914050817489624,4,0
3,5-STAR-SHAP,500,1.915872573852539,5,0
4,6-STAR-SHAP,500,4.0391223430633545,6,0
5,7-STAR-SHAP,500,8.483864784240723,7,0
6,8-STAR-SHAP,500,17.96234703063965,8,0
7,9-STAR-SHAP,500,37.39311361312866,9,0
8,10-STAR-SHAP,500,79.16862797737122,10,0
