,Algorithm,n,time,max fs size,mean MSE
0,2-STAR-SHAP,100,0.08969974517822266,2,0
1,3-STAR-SHAP,100,0.19634532928466797,3,0
2,4-STAR-SHAP,100,0.42158961296081543,4,0
3,5-STAR-SHAP,100,0.9189255237579346,5,0
