,Algorithm,n,time,max fs size,mean MSE
0,2-STAR-SHAP,10,0.02055954933166504,2,0
1,3-STAR-SHAP,10,0.04039740562438965,3,0
2,4-STAR-SHAP,10,0.08315157890319824,4,0
3,5-STAR-SHAP,10,0.17687010765075684,5,0
4,6-STAR-SHAP,10,0.3729395866394043,6,0
