,Algorithm,n,time,max fs size,mean MSE,budget,r2
0,11-STAR-SHAP,500,97.7851243019104,11,0.0,,
1,SHAP-IQ,500,93.23924255371094,11,,10000.0,0.5669771510738393
2,SHAP-IQ,500,91.99637961387634,11,,10000.0,0.5608798199209577
