,Algorithm,n,time,max fs size,mean MSE,budget,r2
0,8-STAR-SHAP,500,10.326403379440308,8,0.0,,
1,SHAP-IQ,500,6.906001091003418,8,,3752.0,-0.15538938588859796
2,SHAP-IQ,500,6.873941898345947,8,,3752.0,-0.14513265697059907
3,SHAP-IQ,500,9.194036960601807,8,,5000.0,0.23752837173567332
4,SHAP-IQ,500,9.11416745185852,8,,5000.0,0.21001362462755135
