,Algorithm,n,time,max fs size,mean MSE
0,2-STAR-SHAP,500,1.2443199157714844,2,0
1,3-STAR-SHAP,500,2.4076318740844727,3,0
2,4-STAR-SHAP,500,4.78631329536438,4,0
3,5-STAR-SHAP,500,9.876895427703857,5,0
4,6-STAR-SHAP,500,20.69731044769287,6,0
5,7-STAR-SHAP,500,42.85648560523987,7,0
6,8-STAR-SHAP,500,90.67380738258362,8,0
