,Algorithm,n,time,max fs size,mean MSE
0,2-STAR-SHAP,100,0.2087864875793457,2,0
1,3-STAR-SHAP,100,0.4247753620147705,3,0
2,4-STAR-SHAP,100,0.870866060256958,4,0
3,5-STAR-SHAP,100,1.8561372756958008,5,0
4,6-STAR-SHAP,100,3.9091548919677734,6,0
5,7-STAR-SHAP,100,8.201856136322021,7,0
